{
  "forecast_horizon_hours": 1,
  "data_source": "November 2025",
  "test_samples": 1732,
  "temperature": {
    "rmse": 0.7199659485668389,
    "mae": 0.5691082670727173,
    "mape": 2.2443767817181657,
    "r2": 0.892843952877843,
    "unit": "celsius"
  },
  "humidity": {
    "rmse": 2.1509175827878186,
    "mae": 1.7194482998269591,
    "mape": 2.175606206330562,
    "r2": 0.5674461891039265,
    "unit": "percent"
  },
  "soil_moisture": {
    "rmse": 3.026796152930453,
    "mae": 2.4608982793178074,
    "mape": 9.806887084838392,
    "r2": -0.7139103167971983,
    "unit": "arbitrary"
  }
}