{
  "forecast_horizon_hours": 4,
  "data_source": "November 2025",
  "test_samples": 1723,
  "temperature": {
    "rmse": 1.1914649929651209,
    "mae": 0.9579755851050412,
    "mape": 3.7976052421593005,
    "r2": 0.7070393717996384,
    "unit": "celsius"
  },
  "humidity": {
    "rmse": 2.3032148048125727,
    "mae": 1.8572133519785168,
    "mape": 2.342561455699057,
    "r2": 0.5019430352590217,
    "unit": "percent"
  },
  "soil_moisture": {
    "rmse": 3.025619407989673,
    "mae": 2.45533152229898,
    "mape": 9.77197104185801,
    "r2": -0.7086049739442062,
    "unit": "arbitrary"
  }
}